ID	Nom	Niv1	Niv2	CreatTS	ModifTS	
4	stockQuoi	CINE	;disk;dvd;disk-dvd;à louer;bib;bibMal;ciné;Disk (nonZip);dvd (disk vost);dvd(fin ko);NetFlix;yout;FranceTV	2025-01-30T16:58:08	2025-03-21T07:39:49	
2	domaineQuoi	;CINE;BD;INFO;LIVR;MUS;PERSO;VISU		2025-01-30T16:58:08	2025-01-30T16:58:08	
3	domaineQui	;CINE;ECR;FAM;MUS;VISU;BUZ		2025-01-30T16:58:08	2025-01-30T16:58:08	
5	stockQuoi	BD	;Guig;Chalu;Malr;x; 	2025-01-30T16:58:08	2025-03-12T20:41:18	
6	stockQuoi	INFO	;w;	2025-01-30T16:58:08	2025-01-30T16:58:08	
7	stockQuoi	LIVR	;bib;Guig;pdf;x	2025-01-30T16:58:08	2025-05-02T05:47:39	
8	stockQuoi	MUS	;disk;Ytb	2025-01-30T16:58:08	2025-01-30T16:58:08	
9	stockQuoi	PERSO	;	2025-01-30T16:58:08	2025-01-30T16:58:08	
10	stockQuoi	VISU	;Caravalet;expo;MAMCS	2025-01-30T16:58:08	2025-01-30T16:58:08	
11	genreQuoiCINE		Action;Co_Dr;Musique;Reportage	2025-01-30T16:58:08	2025-01-30T16:58:08	
12	genreQuoiCINE	Action	Anglais;Français;Western;SF	2025-01-30T16:58:08	2025-01-30T16:58:08	
13	genreQuoiCINE	Co_Dr	Anglais;Français;Autres;Jeunes	2025-01-30T16:58:08	2025-01-30T16:58:08	
14	genreQuoiCINE	Musique	Concert;Film musical; Reportage musical;Enregistrement	2025-01-30T16:58:08	2025-01-30T16:58:08	
15	genreQuoiCINE	Reportage	News;Sport;Bateau;Arts;Jeunes;Autres	2025-01-30T16:58:08	2025-01-30T16:58:08	
28	genreQuoiMUS		Rock;Rockeuse Europe	2025-05-02T21:58:01	2025-05-02T21:59:03	
17	genreQuoiLIVR		Ess;Jeu;Pol;Rec;Rom;SF 	2025-01-30T16:58:08	2025-01-30T16:58:08	
18	genreQuoiLIVR	Ess	Econom;Ecolog;Hist;Socio;Sport	2025-01-30T16:58:08	2025-01-30T16:58:08	
19	genreQuoiLIVR	Jeu	Fra	2025-01-30T16:58:08	2025-01-30T16:58:08	
20	genreQuoiLIVR	Pol	Fra	2025-01-30T16:58:08	2025-01-30T16:58:08	
21	genreQuoiLIVR	Rec	Fra	2025-01-30T16:58:08	2025-01-30T16:58:08	
22	genreQuoiLIVR	Rom	Fra	2025-01-30T16:58:08	2025-01-30T16:58:08	
23	genreQuoiLIVR	SF	Fra	2025-01-30T16:58:08	2025-01-30T16:58:08	
24	genreQuoiINFO		Action;Econom;Even;Politik	2025-01-30T16:58:08	2025-01-30T16:58:08	
25	genreQuoiINFO	Action		2025-01-30T16:58:08	2025-01-30T16:58:08	
26	genreQuoiINFO	Econom		2025-01-30T16:58:08	2025-01-30T16:58:08	
27	genreQuoiINFO	Politik		2025-01-30T16:58:08	2025-01-30T16:58:08	
29	genreQuoiMU	Rock	Angl	2025-05-02T22:00:31		